Respondent,MainBranch,Hobbyist,OpenSourcer,OpenSource,Employment,Country,Student,EdLevel,UndergradMajor,EduOther,OrgSize,DevType,YearsCode,Age1stCode,YearsCodePro,CareerSat,JobSat,MgrIdiot,MgrMoney,MgrWant,JobSeek,LastHireDate,LastInt,FizzBuzz,JobFactors,ResumeUpdate,CurrencySymbol,CurrencyDesc,CompTotal,CompFreq,ConvertedComp,WorkWeekHrs,WorkPlan,WorkChallenge,WorkRemote,WorkLoc,ImpSyn,CodeRev,CodeRevHrs,UnitTests,PurchaseHow,PurchaseWhat,LanguageWorkedWith,LanguageDesireNextYear,DatabaseWorkedWith,DatabaseDesireNextYear,PlatformWorkedWith,PlatformDesireNextYear,WebFrameWorkedWith,WebFrameDesireNextYear,MiscTechWorkedWith,MiscTechDesireNextYear,DevEnviron,OpSys,Containers,BlockchainOrg,BlockchainIs,BetterLife,ITperson,OffOn,SocialMedia,Extraversion,ScreenName,SOVisit1st,SOVisitFreq,SOVisitTo,SOFindAnswer,SOTimeSaved,SOHowMuchTime,SOAccount,SOPartFreq,SOJobs,EntTeams,SOComm,WelcomeChange,SONewContent,Age,Gender,Trans,Sexuality,Ethnicity,Dependents,SurveyLength,SurveyEase
1,I am a student who is learning to code,Yes,Never,The quality of OSS and closed source software is about the same,"Not employed, and not looking for work",United Kingdom,No,Primary/elementary school,NA,"Taught yourself a new language, framework, or tool without taking a formal course",NA,NA,4,10,NA,NA,NA,NA,NA,NA,NA,NA,NA,NA,NA,NA,NA,NA,NA,NA,NA,NA,NA,NA,NA,NA,NA,NA,NA,NA,NA,NA,HTML/CSS;Java;JavaScript;Python,C;C++;C#;Go;HTML/CSS;Java;JavaScript;Python;SQL,SQLite,MySQL,MacOS;Windows,Android;Arduino;Windows,Django;Flask,Flask;jQuery,Node.js,Node.js,IntelliJ;Notepad++;PyCharm,Windows,I do not use containers,NA,NA,Yes,"Fortunately, someone else has that title",Yes,Twitter,Online,Username,2017,A few times per month or weekly,Find answers to specific questions;Learn how to do things I didn‚Äôt necessarily look for,3-5 times per week,Stack Overflow was much faster,31-60 minutes,No,NA,"No, I didn't know that Stack Overflow had a job board","No, and I don't know what those are",Neutral,Just as welcome now as I felt last year,Tech articles written by other developers;Industry news about technologies you're interested in;Courses on technologies you're interested in,14,Man,No,Straight / Heterosexual,NA,No,Appropriate in length,Neither easy nor difficult
2,I am a student who is learning to code,No,Less than once per year,The quality of OSS and closed source software is about the same,"Not employed, but looking for work",Bosnia and Herzegovina,"Yes, full-time","Secondary school (e.g. American high school, German Realschule or Gymnasium, etc.)",NA,Taken an online course in programming or software development (e.g. a MOOC),NA,"Developer, desktop or enterprise applications;Developer, front-end",NA,17,NA,NA,NA,NA,NA,NA,I am actively looking for a job,I've never had a job,NA,NA,"Financial performance or funding status of the company or organization;Specific department or team I'd be working on;Languages, frameworks, and other technologies I'd be working with","Something else changed (education, award, media, etc.)",NA,NA,NA,NA,NA,NA,NA,NA,NA,NA,NA,NA,NA,NA,NA,NA,C++;HTML/CSS;Python,C++;HTML/CSS;JavaScript;SQL,NA,MySQL,Windows,Windows,Django,Django,NA,NA,Atom;PyCharm,Windows,I do not use containers,NA,Useful across many domains and could change many aspects of our lives,Yes,Yes,Yes,Instagram,Online,Username,2017,Daily or almost daily,Find answers to specific questions;Learn how to do things I didn‚Äôt necessarily look for,3-5 times per week,Stack Overflow was much faster,11-30 minutes,Yes,A few times per month or weekly,"No, I knew that Stack Overflow had a job board but have never used or visited it","No, and I don't know what those are","Yes, somewhat",Just as welcome now as I felt last year,Tech articles written by other developers;Industry news about technologies you're interested in;Tech meetups or events in your area;Courses on technologies you're interested in,19,Man,No,Straight / Heterosexual,NA,No,Appropriate in length,Neither easy nor difficult
3,"I am not primarily a developer, but I write code sometimes as part of my work",Yes,Never,The quality of OSS and closed source software is about the same,Employed full-time,Thailand,No,"Bachelor‚Äôs degree (BA, BS, B.Eng., etc.)",Web development or web design,"Taught yourself a new language, framework, or tool without taking a formal course",100 to 499 employees,"Designer;Developer, back-end;Developer, front-end;Developer, full-stack",3,22,1,Slightly satisfied,Slightly satisfied,Not at all confident,Not sure,Not sure,"I‚Äôm not actively looking, but I am open to new opportunities",1-2 years ago,Interview with people in peer roles,No,"Languages, frameworks, and other technologies I'd be working with;Remote work options;Flex time or a flexible schedule",I was preparing for a job search,THB,Thai baht,23000,Monthly,8820,40,There's no schedule or spec; I work on what seems most important or urgent,Distracting work environment;Inadequate access to necessary tools;Lack of support from management,Less than once per month / Never,Home,Average,No,NA,"No, but I think we should",Not sure,I have little or no influence,HTML/CSS,Elixir;HTML/CSS,PostgreSQL,PostgreSQL,NA,NA,NA,Other(s):,NA,NA,Vim;Visual Studio Code,Linux-based,I do not use containers,NA,NA,Yes,Yes,Yes,Reddit,In real life (in person),Username,2011,A few times per week,Find answers to specific questions;Learn how to do things I didn‚Äôt necessarily look for,6-10 times per week,They were about the same,NA,Yes,Less than once per month or monthly,Yes,"No, I've heard of them, but I am not part of a private Q&A instance",Neutral,Just as welcome now as I felt last year,Tech meetups or events in your area;Courses on technologies you're interested in,28,Man,No,Straight / Heterosexual,NA,Yes,Appropriate in length,Neither easy nor difficult
4,I am a developer by profession,No,Never,The quality of OSS and closed source software is about the same,Employed full-time,United States,No,"Bachelor‚Äôs degree (BA, BS, B.Eng., etc.)","Computer science, computer engineering, or software engineering","Taken an online course in programming or software development (e.g. a MOOC);Received on-the-job training in software development;Taught yourself a new language, framework, or tool without taking a formal course",100 to 499 employees,"Developer, full-stack",3,16,Less than 1 year,Very satisfied,Slightly satisfied,Very confident,No,Not sure,I am not interested in new job opportunities,Less than a year ago,"Write code by hand (e.g., on a whiteboard);Interview with people in senior / management roles",No,"Languages, frameworks, and other technologies I'd be working with;Office environment or company culture;Opportunities for professional development",I was preparing for a job search,USD,United States dollar,61000,Yearly,61000,80,There's no schedule or spec; I work on what seems most important or urgent,NA,Less than once per month / Never,Home,A little below average,No,NA,"No, but I think we should",Developers typically have the most influence on purchasing new technology,I have little or no influence,C;C++;C#;Python;SQL,C;C#;JavaScript;SQL,MySQL;SQLite,MySQL;SQLite,Linux;Windows,Linux;Windows,NA,NA,.NET,.NET,Eclipse;Vim;Visual Studio;Visual Studio Code,Windows,I do not use containers,Not at all,"Useful for decentralized currency (i.e., Bitcoin)",Yes,SIGH,Yes,Reddit,In real life (in person),Username,2014,Daily or almost daily,Find answers to specific questions;Pass the time / relax,1-2 times per week,Stack Overflow was much faster,31-60 minutes,Yes,Less than once per month or monthly,Yes,"No, and I don't know what those are","No, not really",Just as welcome now as I felt last year,Tech articles written by other developers;Industry news about technologies you're interested in;Tech meetups or events in your area;Courses on technologies you're interested in,22,Man,No,Straight / Heterosexual,White or of European descent,No,Appropriate in length,Easy
5,I am a developer by profession,Yes,Once a month or more often,"OSS is, on average, of HIGHER quality than proprietary / closed source software",Employed full-time,Ukraine,No,"Bachelor‚Äôs degree (BA, BS, B.Eng., etc.)","Computer science, computer engineering, or software engineering","Taken an online course in programming or software development (e.g. a MOOC);Received on-the-job training in software development;Taught yourself a new language, framework, or tool without taking a formal course;Contributed to open source software","10,000 or more employees","Academic researcher;Developer, desktop or enterprise applications;Developer, full-stack;Developer, mobile",16,14,9,Very dissatisfied,Slightly dissatisfied,Somewhat confident,Yes,No,I am not interested in new job opportunities,Less than a year ago,"Write any code;Write code by hand (e.g., on a whiteboard);Solve a brain-teaser style puzzle;Interview with people in senior / management roles",No,"Industry that I'd be working in;Languages, frameworks, and other technologies I'd be working with;Flex time or a flexible schedule",I was preparing for a job search,UAH,Ukrainian hryvnia,NA,NA,NA,55,"There is a schedule and/or spec (made by me or by a colleague), and I follow it very closely","Being tasked with non-development work;Inadequate access to necessary tools;Non-work commitments (parenting, school work, hobbies, etc.)",A few days each month,Office,A little above average,"Yes, because I see value in code review",NA,"Yes, it's part of our process",Not sure,I have little or no influence,C++;HTML/CSS;Java;JavaScript;Python;SQL;VBA,HTML/CSS;Java;JavaScript;SQL;WebAssembly,Couchbase;MongoDB;MySQL;Oracle;PostgreSQL;SQLite,Couchbase;Firebase;MongoDB;MySQL;Oracle;PostgreSQL;SQLite,Android;Linux;MacOS;Slack;Windows,Android;Docker;Kubernetes;Linux;Slack,Django;Express;Flask;jQuery;React.js;Spring,Flask;jQuery;React.js;Spring,Cordova;Node.js,Apache Spark;Hadoop;Node.js;React Native,IntelliJ;Notepad++;Vim,Linux-based,"Outside of work, for personal projects",Not at all,NA,Yes,Also Yes,Yes,Facebook,In real life (in person),Username,I don't remember,Multiple times per day,Find answers to specific questions,More than 10 times per week,Stack Overflow was much faster,NA,Yes,A few times per month or weekly,"No, I knew that Stack Overflow had a job board but have never used or visited it","No, I've heard of them, but I am not part of a private Q&A instance","Yes, definitely",Just as welcome now as I felt last year,Tech meetups or events in your area;Courses on technologies you're interested in,30,Man,No,Straight / Heterosexual,White or of European descent;Multiracial,No,Appropriate in length,Easy
6,"I am not primarily a developer, but I write code sometimes as part of my work",Yes,Never,The quality of OSS and closed source software is about the same,Employed full-time,Canada,No,"Bachelor‚Äôs degree (BA, BS, B.Eng., etc.)",Mathematics or statistics,"Taken an online course in programming or software development (e.g. a MOOC);Received on-the-job training in software development;Taught yourself a new language, framework, or tool without taking a formal course",NA,"Data or business analyst;Data scientist or machine learning specialist;Database administrator;Engineer, data",13,15,3,Very satisfied,Slightly satisfied,Very confident,No,Yes,I am not interested in new job opportunities,1-2 years ago,Write any code;Complete a take-home project;Interview with people in senior / management roles,No,Financial performance or funding status of the company or organization;Opportunities for professional development;How widely used or impactful my work output would be,"I heard about a job opportunity (from a recruiter, online job posting, etc.)",CAD,Canadian dollar,40000,Monthly,366420,15,There's no schedule or spec; I work on what seems most important or urgent,NA,A few days each month,Home,A little above average,No,NA,"Yes, it's not part of our process but the developers do it on their own",Not sure,I have little or no influence,Java;R;SQL,Python;Scala;SQL,MongoDB;PostgreSQL,PostgreSQL,Android;Google Cloud Platform;Linux;Windows,Android;Google Cloud Platform;Linux;Windows,NA,NA,Hadoop,Hadoop;Pandas;TensorFlow;Unity 3D,Android Studio;Eclipse;PyCharm;RStudio;Visual Studio Code,Windows,I do not use containers,Not at all,NA,No,Yes,No,YouTube,In real life (in person),Login,2011,A few times per month or weekly,Find answers to specific questions,Less than once per week,Stack Overflow was slightly faster,60+ minutes,Yes,I have never participated in Q&A on Stack Overflow,"No, I knew that Stack Overflow had a job board but have never used or visited it","No, and I don't know what those are","No, not really",Just as welcome now as I felt last year,Tech articles written by other developers;Industry news about technologies you're interested in;Tech meetups or events in your area;Courses on technologies you're interested in,28,Man,No,Straight / Heterosexual,East Asian,No,Too long,Neither easy nor difficult
7,I am a developer by profession,No,Never,The quality of OSS and closed source software is about the same,"Independent contractor, freelancer, or self-employed",Ukraine,No,"Bachelor‚Äôs degree (BA, BS, B.Eng., etc.)","Another engineering discipline (ex. civil, electrical, mechanical)","Taught yourself a new language, framework, or tool without taking a formal course","Just me - I am a freelancer, sole proprietor, etc.","Designer;Developer, front-end",6,17,4,Slightly satisfied,Neither satisfied nor dissatisfied,NA,NA,NA,"I‚Äôm not actively looking, but I am open to new opportunities",NA - I am an independent contractor or self employed,Write any code,No,Remote work options;Opportunities for professional development;Flex time or a flexible schedule,NA,USD,United States dollar,NA,NA,NA,32,"There is a schedule and/or spec (made by me or by a colleague), and I follow it very closely","Being tasked with non-development work;Distracting work environment;Non-work commitments (parenting, school work, hobbies, etc.)",All or almost all the time (I'm full-time remote),"Other place, such as a coworking space or cafe",Average,"Yes, because I see value in code review",6,NA,NA,NA,HTML/CSS;JavaScript,HTML/CSS;JavaScript,NA,NA,MacOS;Windows,MacOS;Windows,React.js,React.js,NA,NA,PHPStorm,Windows,I do not use containers,NA,"Useful for decentralized currency (i.e., Bitcoin)",No,Yes,No,YouTube,NA,NA,2014,Daily or almost daily,Find answers to specific questions,3-5 times per week,NA,NA,Yes,Less than once per month or monthly,Yes,"No, and I don't know what those are",Neutral,A lot more welcome now than last year,NA,42,Man,No,Straight / Heterosexual,White or of European descent,Yes,Appropriate in length,Neither easy nor difficult
8,I code primarily as a hobby,Yes,Less than once per year,"OSS is, on average, of HIGHER quality than proprietary / closed source software","Not employed, but looking for work",India,NA,"Bachelor‚Äôs degree (BA, BS, B.Eng., etc.)","Computer science, computer engineering, or software engineering","Taught yourself a new language, framework, or tool without taking a formal course;Participated in online coding competitions (e.g. HackerRank, CodeChef, TopCoder);Contributed to open source software",NA,"Developer, back-end;Engineer, site reliability",8,16,NA,NA,NA,NA,NA,NA,NA,NA,NA,NA,NA,NA,NA,NA,NA,NA,NA,NA,NA,NA,NA,NA,NA,NA,NA,NA,NA,NA,Bash/Shell/PowerShell;C;C++;HTML/CSS;Java;JavaScript;Python;SQL,Bash/Shell/PowerShell;C;C++;Elixir;Erlang;Go;Python;SQL;WebAssembly,Cassandra;Elasticsearch;MongoDB;MySQL;Oracle;Redis;SQLite,Cassandra;DynamoDB;Elasticsearch;Firebase;MongoDB;MySQL;PostgreSQL;Redis,AWS;Docker;Heroku;Linux;MacOS;Slack,Android;Arduino;AWS;Docker;Google Cloud Platform;IBM Cloud or Watson;Kubernetes;Linux;MacOS;Raspberry Pi;Slack,Express;Flask;React.js;Spring,Django;Express;Flask;React.js;Vue.js,Hadoop;Node.js;Pandas,Ansible;Apache Spark;Chef;Hadoop;Node.js;Pandas;Puppet;React Native;TensorFlow;Torch/PyTorch;Unreal Engine,Atom;IntelliJ;IPython / Jupyter;PyCharm;Visual Studio Code,Linux-based,"Development;Testing;Production;Outside of work, for personal projects",NA,Useful across many domains and could change many aspects of our lives,Yes,SIGH,Yes,YouTube,In real life (in person),Handle,2012,A few times per week,Find answers to specific questions;Learn how to do things I didn‚Äôt necessarily look for;Contribute to a library of information,Less than once per week,Stack Overflow was slightly faster,11-30 minutes,Yes,Less than once per month or monthly,Yes,"No, and I don't know what those are","Yes, definitely",A lot more welcome now than last year,Tech articles written by other developers;Industry news about technologies you're interested in;Tech meetups or events in your area;Courses on technologies you're interested in,24,Man,No,Straight / Heterosexual,NA,NA,Appropriate in length,Neither easy nor difficult
9,I am a developer by profession,Yes,Once a month or more often,The quality of OSS and closed source software is about the same,Employed full-time,New Zealand,No,Some college/university study without earning a degree,"Computer science, computer engineering, or software engineering","Taken an online course in programming or software development (e.g. a MOOC);Participated in a full-time developer training program or bootcamp;Taken a part-time in-person course in programming or software development;Received on-the-job training in software development;Taught yourself a new language, framework, or tool without taking a formal course;Participated in online coding competitions (e.g. HackerRank, CodeChef, TopCoder);Contributed to open source software",10 to 19 employees,"Database administrator;Developer, back-end;Developer, front-end;Developer, full-stack;Developer, QA or test;DevOps specialist",12,11,4,Slightly satisfied,Slightly satisfied,Somewhat confident,No,Not sure,"I‚Äôm not actively looking, but I am open to new opportunities",Less than a year ago,Write any code;Interview with people in peer roles;Interview with people in senior / management roles,Yes,Financial performance or funding status of the company or organization;Office environment or company culture;How widely used or impactful my work output would be,I was preparing for a job search,NZD,New Zealand dollar,138000,Yearly,95179,32,"There is a schedule and/or spec (made by me or by a colleague), and my work somewhat aligns",Being tasked with non-development work;Inadequate access to necessary tools;Not enough people for the workload,Less than once per month / Never,Office,A little above average,"Yes, because I see value in code review",12,"Yes, it's not part of our process but the developers do it on their own",Not sure,I have some influence,Bash/Shell/PowerShell;C#;HTML/CSS;JavaScript;Python;Ruby;Rust;SQL;TypeScript;WebAssembly;Other(s):,Bash/Shell/PowerShell;C;HTML/CSS;JavaScript;Ruby;Rust;SQL;TypeScript;WebAssembly;Other(s):,DynamoDB;PostgreSQL;SQLite,PostgreSQL;Redis;SQLite,AWS;Docker;Heroku;Linux;MacOS;Slack,AWS;Docker;Heroku;Linux;MacOS;Slack;Other(s):,Express;Ruby on Rails;Other(s):,Express;Ruby on Rails;Other(s):,Node.js;Unity 3D,Node.js,Vim,MacOS,Development;Testing;Production,Not at all,An irresponsible use of resources,No,SIGH,Yes,Twitter,In real life (in person),Username,2013,Daily or almost daily,Find answers to specific questions;Contribute to a library of information,3-5 times per week,They were about the same,NA,Yes,Less than once per month or monthly,"No, I knew that Stack Overflow had a job board but have never used or visited it","No, and I don't know what those are","Yes, somewhat",Just as welcome now as I felt last year,NA,23,Man,No,Bisexual,White or of European descent,No,Appropriate in length,Neither easy nor difficult
10,I am a developer by profession,Yes,Once a month or more often,"OSS is, on average, of HIGHER quality than proprietary / closed source software",Employed full-time,India,No,"Master‚Äôs degree (MA, MS, M.Eng., MBA, etc.)",NA,NA,"10,000 or more employees","Data or business analyst;Data scientist or machine learning specialist;Database administrator;Developer, back-end;Developer, desktop or enterprise applications;Developer, front-end;Developer, full-stack;Developer, game or graphics;Educator",12,20,10,Slightly dissatisfied,Slightly dissatisfied,Somewhat confident,Yes,Yes,"I‚Äôm not actively looking, but I am open to new opportunities",3-4 years ago,NA,No,"Languages, frameworks, and other technologies I'd be working with;Remote work options;Flex time or a flexible schedule",NA,INR,Indian rupee,950000,Yearly,13293,70,There's no schedule or spec; I work on what seems most important or urgent,NA,A few days each month,Home,Far above average,"Yes, because I see value in code review",4,"Yes, it's part of our process",NA,NA,C#;Go;JavaScript;Python;R;SQL,C#;Go;JavaScript;Kotlin;Python;R;SQL,Elasticsearch;MongoDB;Microsoft SQL Server;MySQL;SQLite,Elasticsearch;MongoDB;Microsoft SQL Server,Linux;Windows,Android;Linux;Raspberry Pi;Windows,Angular/Angular.js;ASP.NET;Django;Express;Flask;jQuery,Angular/Angular.js;ASP.NET;Django;Express;Flask;jQuery,.NET;Node.js;Pandas;Torch/PyTorch,.NET;Node.js;TensorFlow;Torch/PyTorch,Android Studio;Eclipse;IPython / Jupyter;Notepad++;RStudio;Vim;Visual Studio;Visual Studio Code,Windows,NA,Not at all,Useful for immutable record keeping outside of currency,No,Yes,Yes,YouTube,Neither,Screen Name,NA,Multiple times per day,Find answers to specific questions;Get a sense of belonging to the developer community;Meet other people with similar skills or interests,3-5 times per week,They were about the same,NA,Yes,A few times per month or weekly,Yes,"No, and I don't know what those are","Yes, somewhat",Somewhat less welcome now than last year,Tech articles written by other developers;Tech meetups or events in your area,NA,NA,NA,NA,NA,Yes,Too long,Difficult
11,I code primarily as a hobby,Yes,Once a month or more often,The quality of OSS and closed source software is about the same,NA,Antigua and Barbuda,"Yes, full-time",Primary/elementary school,NA,Contributed to open source software,NA,NA,2,11,NA,NA,NA,NA,NA,NA,NA,NA,NA,NA,NA,NA,NA,NA,NA,NA,NA,NA,NA,NA,NA,NA,NA,NA,NA,NA,NA,NA,Other(s):,Other(s):,NA,NA,NA,NA,NA,NA,NA,NA,NA,Linux-based,NA,NA,Useful for immutable record keeping outside of currency,No,Yes,NA,NA,Neither,Username,I don't remember,Less than once per month or monthly,Find answers to specific questions,Less than once per week,NA,NA,Yes,NA,"No, I knew that Stack Overflow had a job board but have never used or visited it","No, I've heard of them, but I am not part of a private Q&A instance","No, not at all",Not applicable - I did not use Stack Overflow last year,NA,22,Man,Yes,Bisexual;Gay or Lesbian;Straight / Heterosexual,"Black or of African descent;East Asian;Hispanic or Latino/Latina;Middle Eastern;Native American, Pacific Islander, or Indigenous Australian;South Asian;White or of European descent;Biracial;Multiracial",No,Appropriate in length,Easy
12,I am a student who is learning to code,No,Never,"OSS is, on average, of HIGHER quality than proprietary / closed source software",Employed part-time,Canada,"Yes, full-time",Some college/university study without earning a degree,Mathematics or statistics,"Taken an online course in programming or software development (e.g. a MOOC);Taught yourself a new language, framework, or tool without taking a formal course",NA,"Data or business analyst;Data scientist or machine learning specialist;Engineer, data;Student",5,16,NA,NA,NA,NA,NA,NA,I am not interested in new job opportunities,Less than a year ago,NA,NA,Financial performance or funding status of the company or organization;Office environment or company culture;Opportunities for professional development,"My job status changed (promotion, new job, etc.)",NA,NA,NA,NA,NA,NA,NA,NA,NA,NA,NA,NA,NA,NA,NA,NA,Bash/Shell/PowerShell;HTML/CSS;Java;Python;R;SQL,Bash/Shell/PowerShell;C++;Go;Python;R;Scala;SQL,MySQL;PostgreSQL;SQLite,Elasticsearch;MongoDB;MySQL;PostgreSQL,AWS;Docker;Google Cloud Platform;Linux;MacOS;Slack;Windows,AWS;Linux;MacOS;Slack,NA,NA,Ansible;Chef;Hadoop;Pandas;TensorFlow,Ansible;Apache Spark;Chef;Hadoop;Pandas;TensorFlow;Torch/PyTorch,IPython / Jupyter;PyCharm;RStudio;Sublime Text;Vim,MacOS,Testing;Production,NA,NA,Yes,Yes,Yes,Reddit,In real life (in person),Username,2014,A few times per month or weekly,Find answers to specific questions;Learn how to do things I didn‚Äôt necessarily look for,1-2 times per week,The other resource was slightly faster,11-30 minutes,Not sure / can't remember,NA,"No, I knew that Stack Overflow had a job board but have never used or visited it",Yes,"Yes, somewhat",Just as welcome now as I felt last year,Courses on technologies you're interested in,21,Woman,No,Straight / Heterosexual,Black or of African descent,No,Appropriate in length,Easy
13,I am a developer by profession,Yes,Less than once a month but more than once per year,"OSS is, on average, of HIGHER quality than proprietary / closed source software",Employed full-time,United States,No,"Master‚Äôs degree (MA, MS, M.Eng., MBA, etc.)","Computer science, computer engineering, or software engineering","Taken an online course in programming or software development (e.g. a MOOC);Received on-the-job training in software development;Taught yourself a new language, framework, or tool without taking a formal course;Participated in online coding competitions (e.g. HackerRank, CodeChef, TopCoder);Participated in a hackathon;Contributed to open source software",10 to 19 employees,"Data or business analyst;Database administrator;Developer, back-end;Developer, desktop or enterprise applications;Developer, front-end;Developer, full-stack;Developer, mobile;DevOps specialist;Engineer, data;Engineer, site reliability;Engineering manager;Senior executive/VP;System administrator",17,11,8,Very satisfied,Very satisfied,NA,NA,NA,I am not interested in new job opportunities,3-4 years ago,Complete a take-home project;Interview with people in peer roles;Interview with people in senior / management roles,Yes,"Languages, frameworks, and other technologies I'd be working with;Remote work options;Flex time or a flexible schedule",I was preparing for a job search,USD,United States dollar,90000,Yearly,90000,40,"There is a schedule and/or spec (made by me or by a colleague), and I follow it very closely","Meetings;Non-work commitments (parenting, school work, hobbies, etc.);Not enough people for the workload",All or almost all the time (I'm full-time remote),Home,A little above average,"Yes, because I see value in code review",5,"No, but I think we should",Developers and management have nearly equal input into purchasing new technology,I have a great deal of influence,Bash/Shell/PowerShell;HTML/CSS;JavaScript;PHP;SQL;TypeScript,Bash/Shell/PowerShell;HTML/CSS;JavaScript;Rust;SQL;TypeScript;WebAssembly,Couchbase;DynamoDB;Firebase;MySQL,Firebase;MySQL;Redis,Android;AWS;Docker;IBM Cloud or Watson;iOS;Linux;MacOS;Microsoft Azure;Slack;Windows;WordPress,Android;AWS;Docker;IBM Cloud or Watson;Linux;Slack;Windows;WordPress,Angular/Angular.js;ASP.NET;Express;jQuery;Vue.js,Express;Vue.js,Node.js;Xamarin,Node.js;TensorFlow,Vim;Visual Studio;Visual Studio Code;Xcode,Windows,Development;Testing;Production,Not at all,"Useful for decentralized currency (i.e., Bitcoin)",Yes,Yes,Yes,Twitter,In real life (in person),Username,2011,Multiple times per day,Find answers to specific questions,More than 10 times per week,Stack Overflow was much faster,11-30 minutes,Yes,Less than once per month or monthly,Yes,"No, I've heard of them, but I am not part of a private Q&A instance",Neutral,Somewhat more welcome now than last year,Tech articles written by other developers;Courses on technologies you're interested in,28,Man,No,Straight / Heterosexual,White or of European descent,Yes,Appropriate in length,Easy
14,I am a developer by profession,Yes,Less than once per year,The quality of OSS and closed source software is about the same,Employed full-time,Germany,No,"Other doctoral degree (Ph.D, Ed.D., etc.)","Computer science, computer engineering, or software engineering","Completed an industry certification program (e.g. MCPD);Taught yourself a new language, framework, or tool without taking a formal course;Contributed to open source software",100 to 499 employees,"Developer, desktop or enterprise applications",13,16,2,Very satisfied,Very satisfied,Very confident,No,No,I am not interested in new job opportunities,1-2 years ago,Interview with people in senior / management roles,No,"Languages, frameworks, and other technologies I'd be working with;Office environment or company culture;Opportunities for professional development","Something else changed (education, award, media, etc.)",EUR,European Euro,4150,Monthly,57060,40,"There is a schedule and/or spec (made by me or by a colleague), and I follow it very closely",Being tasked with non-development work;Not enough people for the workload,Less than once per month / Never,Office,A little above average,"Yes, because I see value in code review",4,"Yes, it's part of our process",Developers typically have the most influence on purchasing new technology,I have some influence,C++,C++,NA,NA,Windows,Windows,NA,NA,NA,Unreal Engine,Visual Studio,Windows,I do not use containers,Not at all,NA,Yes,Yes,Yes,Reddit,Online,Username,2010,Multiple times per day,Find answers to specific questions,3-5 times per week,They were about the same,NA,Yes,Less than once per month or monthly,Yes,"No, and I don't know what those are","No, not really",Just as welcome now as I felt last year,Tech articles written by other developers;Courses on technologies you're interested in,31,Man,No,Straight / Heterosexual,White or of European descent,No,Too short,Easy
15,I am a student who is learning to code,Yes,Never,"OSS is, on average, of HIGHER quality than proprietary / closed source software","Not employed, but looking for work",India,"Yes, full-time","Secondary school (e.g. American high school, German Realschule or Gymnasium, etc.)",NA,"Taken an online course in programming or software development (e.g. a MOOC);Taken a part-time in-person course in programming or software development;Taught yourself a new language, framework, or tool without taking a formal course",NA,Student,3,13,NA,NA,NA,NA,NA,NA,"I‚Äôm not actively looking, but I am open to new opportunities",I've never had a job,NA,NA,"Industry that I'd be working in;Languages, frameworks, and other technologies I'd be working with;Opportunities for professional development","Something else changed (education, award, media, etc.)",NA,NA,NA,NA,NA,NA,NA,NA,NA,NA,NA,NA,NA,NA,NA,NA,Assembly;Bash/Shell/PowerShell;C;C++;HTML/CSS;Java;JavaScript;PHP;SQL,Assembly;Bash/Shell/PowerShell;C;C++;C#;Go;HTML/CSS;Java;JavaScript;Kotlin;Objective-C;PHP;Python;Ruby;SQL;Swift;VBA,MariaDB;MySQL;Oracle;SQLite,MariaDB;MongoDB;Microsoft SQL Server;MySQL;Oracle;SQLite,Linux;Windows,Android;Google Cloud Platform;iOS;Linux;MacOS;Windows,NA,Angular/Angular.js;ASP.NET;Django;Drupal;jQuery;React.js;Vue.js,NA,.NET;.NET Core;Node.js;TensorFlow;Unity 3D;Unreal Engine,Atom;NetBeans;Notepad++;Sublime Text;Vim,Linux-based,Development,NA,NA,Yes,Yes,What?,YouTube,In real life (in person),NA,2018,Daily or almost daily,Find answers to specific questions;Learn how to do things I didn‚Äôt necessarily look for;Get a sense of belonging to the developer community,More than 10 times per week,They were about the same,NA,Yes,Less than once per month or monthly,Yes,"No, I've heard of them, but I am not part of a private Q&A instance","Yes, somewhat",Just as welcome now as I felt last year,Tech articles written by other developers;Industry news about technologies you're interested in;Tech meetups or events in your area;Courses on technologies you're interested in,20,Man,No,NA,NA,Yes,Too long,Neither easy nor difficult
16,I am a developer by profession,Yes,Never,The quality of OSS and closed source software is about the same,Employed full-time,United Kingdom,No,"Master‚Äôs degree (MA, MS, M.Eng., MBA, etc.)",NA,"Taken an online course in programming or software development (e.g. a MOOC);Taught yourself a new language, framework, or tool without taking a formal course",100 to 499 employees,"Developer, full-stack",10,17,3,Very satisfied,Slightly satisfied,Somewhat confident,No,No,"I‚Äôm not actively looking, but I am open to new opportunities",3-4 years ago,Interview with people in senior / management roles,Yes,"Languages, frameworks, and other technologies I'd be working with;Remote work options;Flex time or a flexible schedule","I heard about a job opportunity (from a recruiter, online job posting, etc.)",GBP,Pound sterling,29000,Monthly,455352,40,"There is a schedule and/or spec (made by me or by a colleague), and my work somewhat aligns",Being tasked with non-development work;Distracting work environment;Meetings,A few days each month,Home,Average,No,NA,"No, but I think we should",Developers and management have nearly equal input into purchasing new technology,I have some influence,Bash/Shell/PowerShell;C#;HTML/CSS;JavaScript;TypeScript;VBA,C#;HTML/CSS;JavaScript;TypeScript;WebAssembly;Other(s):,MongoDB;Microsoft SQL Server;MySQL,Elasticsearch;MongoDB;Microsoft SQL Server;SQLite,NA,AWS;Google Cloud Platform;Microsoft Azure,Angular/Angular.js;ASP.NET;jQuery,Angular/Angular.js;ASP.NET;React.js,.NET;.NET Core;Node.js,.NET Core;Node.js;React Native,Visual Studio;Visual Studio Code,Windows,I do not use containers,Not at all,A passing fad,No,SIGH,No,YouTube,Online,Username,2010,Multiple times per day,Find answers to specific questions;Learn how to do things I didn‚Äôt necessarily look for,Less than once per week,Stack Overflow was much faster,11-30 minutes,Yes,Less than once per month or monthly,Yes,"No, I've heard of them, but I am not part of a private Q&A instance","Yes, somewhat",Just as welcome now as I felt last year,Tech articles written by other developers;Industry news about technologies you're interested in,26,Man,No,Straight / Heterosexual,White or of European descent,No,Appropriate in length,Neither easy nor difficult
17,I am a developer by profession,Yes,Less than once a month but more than once per year,The quality of OSS and closed source software is about the same,Employed full-time,Australia,No,"Bachelor‚Äôs degree (BA, BS, B.Eng., etc.)","Computer science, computer engineering, or software engineering","Taken an online course in programming or software development (e.g. a MOOC);Received on-the-job training in software development;Taught yourself a new language, framework, or tool without taking a formal course;Participated in online coding competitions (e.g. HackerRank, CodeChef, TopCoder)",20 to 99 employees,"Developer, back-end;Developer, front-end;Developer, full-stack;Student",5,18,2,Slightly satisfied,Neither satisfied nor dissatisfied,Somewhat confident,No,No,I am actively looking for a job,Less than a year ago,Complete a take-home project;Interview with people in senior / management roles,No,"Languages, frameworks, and other technologies I'd be working with;Office environment or company culture;Opportunities for professional development",I was preparing for a job search,AUD,Australian dollar,90000,Yearly,65277,45,There's no schedule or spec; I work on what seems most important or urgent,Distracting work environment;Meetings;Time spent commuting,A few days each month,"Other place, such as a coworking space or cafe",A little above average,"Yes, because I see value in code review",5,"Yes, it's part of our process",Developers typically have the most influence on purchasing new technology,I have little or no influence,Bash/Shell/PowerShell;HTML/CSS;JavaScript;TypeScript,Bash/Shell/PowerShell;HTML/CSS;Java;JavaScript;TypeScript;WebAssembly,MongoDB;PostgreSQL,Elasticsearch;Firebase;MongoDB;PostgreSQL,Arduino;Docker;Heroku;Raspberry Pi;WordPress,Docker,Angular/Angular.js;Express;Spring,Angular/Angular.js;Express;React.js;Spring;Vue.js,Node.js,Node.js;React Native,IntelliJ;Visual Studio Code,Linux-based,"Development;Testing;Production;Outside of work, for personal projects",Not at all,A passing fad,Yes,"Fortunately, someone else has that title",What?,YouTube,In real life (in person),NA,2014,Daily or almost daily,Find answers to specific questions;Learn how to do things I didn‚Äôt necessarily look for;Get a sense of belonging to the developer community,6-10 times per week,Stack Overflow was slightly faster,0-10 minutes,Yes,A few times per week,"No, I didn't know that Stack Overflow had a job board","No, I've heard of them, but I am not part of a private Q&A instance","Yes, somewhat",Just as welcome now as I felt last year,Tech articles written by other developers;Industry news about technologies you're interested in;Tech meetups or events in your area;Courses on technologies you're interested in,29,Man,No,Straight / Heterosexual,Hispanic or Latino/Latina;Multiracial,No,Appropriate in length,Easy
18,"I am not primarily a developer, but I write code sometimes as part of my work",Yes,Less than once a month but more than once per year,The quality of OSS and closed source software is about the same,Employed full-time,Russian Federation,No,"Master‚Äôs degree (MA, MS, M.Eng., MBA, etc.)","Computer science, computer engineering, or software engineering","Taken an online course in programming or software development (e.g. a MOOC);Taught yourself a new language, framework, or tool without taking a formal course;Contributed to open source software","1,000 to 4,999 employees",Data or business analyst,10,18,3,Slightly satisfied,Very satisfied,Very confident,Yes,Yes,"I‚Äôm not actively looking, but I am open to new opportunities",3-4 years ago,Complete a take-home project;Interview with people in peer roles;Interview with people in senior / management roles,No,Financial performance or funding status of the company or organization;Opportunities for professional development;How widely used or impactful my work output would be,"My job status changed (promotion, new job, etc.)",RUB,Russian ruble,120000,Monthly,21996,40,There's no schedule or spec; I work on what seems most important or urgent,"Distracting work environment;Non-work commitments (parenting, school work, hobbies, etc.);Not enough people for the workload",Less than once per month / Never,Office,Average,"Yes, because I see value in code review",0.5,"Yes, it's not part of our process but the developers do it on their own",Not sure,I have some influence,Python;R,Python;R,MongoDB,MongoDB,NA,NA,NA,NA,NA,NA,PyCharm;RStudio,Linux-based,Production,NA,A passing fad,Yes,SIGH,Yes,VK –í–ö–æ–Ω—Ç–∞ÃÅ–∫—Ç–µ,In real life (in person),Login,I don't remember,Multiple times per day,Find answers to specific questions,More than 10 times per week,Stack Overflow was slightly faster,0-10 minutes,Yes,I have never participated in Q&A on Stack Overflow,"No, I knew that Stack Overflow had a job board but have never used or visited it","No, and I don't know what those are","No, not really",Just as welcome now as I felt last year,NA,NA,Man,No,Straight / Heterosexual,White or of European descent,Yes,Appropriate in length,Neither easy nor difficult
19,I am a developer by profession,Yes,Never,The quality of OSS and closed source software is about the same,Employed full-time,Brazil,No,Some college/university study without earning a degree,"Computer science, computer engineering, or software engineering",Received on-the-job training in software development,100 to 499 employees,"Developer, full-stack",14,13,13,Very dissatisfied,Very satisfied,Very confident,No,No,"I‚Äôm not actively looking, but I am open to new opportunities",Less than a year ago,Interview with people in senior / management roles,No,"Languages, frameworks, and other technologies I'd be working with;Office environment or company culture;Opportunities for professional development","My job status changed (promotion, new job, etc.)",BRL,Brazilian real,9500,Monthly,31140,8,"There is a schedule and/or spec (made by me or by a colleague), and my work somewhat aligns",Distracting work environment;Meetings;Time spent commuting,A few days each month,Office,Far above average,"Yes, because I see value in code review",3,"Yes, it's part of our process",Developers typically have the most influence on purchasing new technology,I have some influence,C#;HTML/CSS;Java;JavaScript;SQL;TypeScript,HTML/CSS;JavaScript,DynamoDB;Firebase;Microsoft SQL Server;MySQL;SQLite,DynamoDB,Android;AWS;Microsoft Azure,AWS,Angular/Angular.js;ASP.NET;Express;jQuery;React.js,Express;React.js,.NET;.NET Core;Node.js,Node.js,Vim;Visual Studio Code,MacOS,Development;Testing;Production,Not at all,NA,No,SIGH,Yes,WhatsApp,In real life (in person),Username,2008,Daily or almost daily,Find answers to specific questions;Learn how to do things I didn‚Äôt necessarily look for;Pass the time / relax,More than 10 times per week,Stack Overflow was much faster,60+ minutes,Yes,I have never participated in Q&A on Stack Overflow,"No, I knew that Stack Overflow had a job board but have never used or visited it","No, I've heard of them, but I am not part of a private Q&A instance",Neutral,Just as welcome now as I felt last year,Tech articles written by other developers;Industry news about technologies you're interested in,31,Man,No,Straight / Heterosexual,Hispanic or Latino/Latina,Yes,Too long,Easy
20,"I am not primarily a developer, but I write code sometimes as part of my work",No,Never,"OSS is, on average, of HIGHER quality than proprietary / closed source software",Employed full-time,Lithuania,No,"Master‚Äôs degree (MA, MS, M.Eng., MBA, etc.)","Information systems, information technology, or system administration","Taken an online course in programming or software development (e.g. a MOOC);Taken a part-time in-person course in programming or software development;Taught yourself a new language, framework, or tool without taking a formal course","1,000 to 4,999 employees","Database administrator;Designer;Developer, back-end;Developer, embedded applications or devices;Developer, front-end;Developer, full-stack;Developer, mobile;System administrator",8,17,4,Very satisfied,Slightly dissatisfied,Very confident,No,I am already a manager,"I‚Äôm not actively looking, but I am open to new opportunities",More than 4 years ago,Interview with people in peer roles;Interview with people in senior / management roles,No,Remote work options;How widely used or impactful my work output would be;Flex time or a flexible schedule,"My job status changed (promotion, new job, etc.)",EUR,European Euro,3000,Monthly,41244,140,There's no schedule or spec; I work on what seems most important or urgent,"Lack of support from management;Non-work commitments (parenting, school work, hobbies, etc.);Not enough people for the workload","More than half, but not all, the time",Office,A little above average,"Yes, because I see value in code review",1,"No, but I think we should",Developers typically have the most influence on purchasing new technology,I have a great deal of influence,Bash/Shell/PowerShell;C#;HTML/CSS;Java;JavaScript;PHP;Python;R;SQL,Bash/Shell/PowerShell;C#;HTML/CSS;Java;JavaScript;PHP;Python;R;SQL,Elasticsearch;MariaDB;MongoDB;Microsoft SQL Server,Elasticsearch;MariaDB;MongoDB;Microsoft SQL Server,Android;Docker;Windows;WordPress,Android;Docker;Windows,Angular/Angular.js;ASP.NET;jQuery,Angular/Angular.js;ASP.NET;jQuery,.NET;Pandas,.NET;Pandas;Unity 3D;Xamarin,Android Studio;Visual Studio;Visual Studio Code,Windows,"Outside of work, for personal projects",Not at all,Useful for immutable record keeping outside of currency,Yes,Also Yes,Yes,Facebook,In real life (in person),Username,2010,A few times per month or weekly,Find answers to specific questions;Learn how to do things I didn‚Äôt necessarily look for,3-5 times per week,Stack Overflow was much faster,11-30 minutes,Yes,I have never participated in Q&A on Stack Overflow,"No, I didn't know that Stack Overflow had a job board","No, and I don't know what those are",Neutral,Not applicable - I did not use Stack Overflow last year,Tech articles written by other developers,38,Man,No,Straight / Heterosexual,White or of European descent,Yes,Appropriate in length,Easy
21,I code primarily as a hobby,Yes,Once a month or more often,"OSS is, on average, of HIGHER quality than proprietary / closed source software",NA,Canada,NA,NA,NA,"Taught yourself a new language, framework, or tool without taking a formal course;Participated in online coding competitions (e.g. HackerRank, CodeChef, TopCoder);Participated in a hackathon;Contributed to open source software",NA,NA,5,11,NA,NA,NA,NA,NA,NA,NA,NA,NA,NA,NA,NA,NA,NA,NA,NA,NA,NA,NA,NA,NA,NA,NA,NA,NA,NA,NA,NA,Assembly;Bash/Shell/PowerShell;C;C++;Go;Java;JavaScript;Kotlin;Python;Rust;SQL;Swift,Bash/Shell/PowerShell;C;C++;JavaScript;Python;Rust,MariaDB;PostgreSQL,MariaDB,Arduino;Linux;MacOS;Raspberry Pi,Arduino;Docker;Linux;Raspberry Pi,Django;Flask;Other(s):,Other(s):,NA,NA,Emacs;IPython / Jupyter,Linux-based,I do not use containers,NA,Useful for immutable record keeping outside of currency,Yes,SIGH,What?,I don't use social media,Neither,Username,2016,A few times per month or weekly,Find answers to specific questions,Less than once per week,Stack Overflow was slightly faster,0-10 minutes,No,NA,"No, I knew that Stack Overflow had a job board but have never used or visited it","No, I've heard of them, but I am not part of a private Q&A instance","No, not at all",Not applicable - I did not use Stack Overflow last year,NA,NA,Man,No,NA,NA,No,Appropriate in length,Easy
22,I am a developer by profession,Yes,Less than once per year,"OSS is, on average, of HIGHER quality than proprietary / closed source software",Employed full-time,United States,No,Some college/university study without earning a degree,NA,"Taken an online course in programming or software development (e.g. a MOOC);Taught yourself a new language, framework, or tool without taking a formal course","10,000 or more employees","Data or business analyst;Designer;Developer, back-end;Developer, desktop or enterprise applications;Developer, front-end;Developer, full-stack;DevOps specialist;System administrator",35,12,18,Slightly satisfied,Very dissatisfied,Somewhat confident,No,No,"I‚Äôm not actively looking, but I am open to new opportunities",More than 4 years ago,Interview with people in senior / management roles,No,"Industry that I'd be working in;Financial performance or funding status of the company or organization;Languages, frameworks, and other technologies I'd be working with",I had a negative experience or interaction at work,USD,United States dollar,103000,Yearly,103000,40,"There is a schedule and/or spec (made by me or by a colleague), and my work somewhat aligns",Being tasked with non-development work;Meetings;Not enough people for the workload,"Less than half the time, but at least one day each week",Home,Average,No,NA,"No, but I think we should","The CTO, CIO, or other management purchase new technology typically without the involvement of developers",I have little or no influence,Bash/Shell/PowerShell;C++;HTML/CSS;JavaScript;Python;Ruby;SQL;TypeScript,Bash/Shell/PowerShell;C++;HTML/CSS;JavaScript;Python;Ruby;SQL;TypeScript,Elasticsearch;MySQL;Oracle;Redis,Elasticsearch;MySQL;Oracle;Redis,Docker;Linux;Raspberry Pi;Windows,Docker;Linux;Raspberry Pi;Windows,Angular/Angular.js;Ruby on Rails,Angular/Angular.js;Ruby on Rails,Node.js,Node.js,Sublime Text;Visual Studio;Visual Studio Code,Windows,"Outside of work, for personal projects",Not at all,NA,Yes,Yes,Yes,Instagram,Online,Username,I don't remember,Daily or almost daily,Find answers to specific questions,3-5 times per week,Stack Overflow was much faster,0-10 minutes,Yes,A few times per week,Yes,"No, and I don't know what those are","Yes, somewhat",Just as welcome now as I felt last year,Tech articles written by other developers;Industry news about technologies you're interested in;Tech meetups or events in your area;Courses on technologies you're interested in,47,Man,No,Straight / Heterosexual,White or of European descent,Yes,Appropriate in length,Easy
23,I am a developer by profession,Yes,Less than once per year,The quality of OSS and closed source software is about the same,Employed full-time,United States,No,"Bachelor‚Äôs degree (BA, BS, B.Eng., etc.)","Information systems, information technology, or system administration","Taken an online course in programming or software development (e.g. a MOOC);Taught yourself a new language, framework, or tool without taking a formal course;Participated in a hackathon;Contributed to open source software","10,000 or more employees","Developer, full-stack",3,19,1,Slightly satisfied,Slightly satisfied,Very confident,No,Not sure,"I‚Äôm not actively looking, but I am open to new opportunities",Less than a year ago,"Write any code;Write code by hand (e.g., on a whiteboard);Interview with people in senior / management roles",No,Opportunities for professional development;How widely used or impactful my work output would be;Flex time or a flexible schedule,I was preparing for a job search,USD,United States dollar,69000,Yearly,69000,40,"There is a schedule and/or spec (made by me or by a colleague), and my work somewhat aligns","Distracting work environment;Meetings;Non-work commitments (parenting, school work, hobbies, etc.)",A few days each month,Office,Average,"Yes, because I see value in code review",8,"Yes, it's part of our process",Developers and management have nearly equal input into purchasing new technology,I have little or no influence,Bash/Shell/PowerShell;HTML/CSS;JavaScript;Python;Ruby;SQL,Bash/Shell/PowerShell;Go;HTML/CSS;Java;JavaScript;Kotlin;Objective-C;Python;Ruby;SQL;Swift;TypeScript,Oracle;SQLite,Couchbase;DynamoDB;Elasticsearch;Firebase;Oracle,Docker;Google Cloud Platform,Docker;iOS;Slack,React.js;Ruby on Rails,Express;React.js;Ruby on Rails;Vue.js,NA,React Native;TensorFlow,Visual Studio Code,MacOS,Development;Testing;Production,NA,Useful for immutable record keeping outside of currency,Yes,SIGH,Yes,Reddit,In real life (in person),Username,2014,Multiple times per day,Find answers to specific questions;Learn how to do things I didn‚Äôt necessarily look for,6-10 times per week,They were about the same,NA,Yes,I have never participated in Q&A on Stack Overflow,Yes,"No, I've heard of them, but I am not part of a private Q&A instance","No, not really",Just as welcome now as I felt last year,Tech articles written by other developers;Tech meetups or events in your area;Courses on technologies you're interested in,22,Man,No,Straight / Heterosexual,Black or of African descent,No,Appropriate in length,Easy
24,I am a developer by profession,Yes,Never,"OSS is, on average, of HIGHER quality than proprietary / closed source software",Employed full-time,Israel,No,Primary/elementary school,NA,"Taken an online course in programming or software development (e.g. a MOOC);Taken a part-time in-person course in programming or software development;Taught yourself a new language, framework, or tool without taking a formal course;Participated in a hackathon",10 to 19 employees,"Developer, front-end",2,21,1,Very satisfied,Very satisfied,Very confident,No,No,"I‚Äôm not actively looking, but I am open to new opportunities",1-2 years ago,Write any code;Interview with people in peer roles;Interview with people in senior / management roles,No,"Languages, frameworks, and other technologies I'd be working with;Office environment or company culture;Opportunities for professional development","I heard about a job opportunity (from a recruiter, online job posting, etc.)",ILS,Israeli new shekel,8000,Monthly,26388,50,"There is a schedule and/or spec (made by me or by a colleague), and my work somewhat aligns",Being tasked with non-development work;Meetings;Time spent commuting,Less than once per month / Never,Office,A little above average,No,NA,"No, but I think we should",Developers and management have nearly equal input into purchasing new technology,I have little or no influence,HTML/CSS;JavaScript;PHP;TypeScript,Go,Firebase;MongoDB;MySQL,NA,AWS;WordPress,Android;Docker;Slack,Express;jQuery;React.js,Vue.js,Node.js,Flutter;React Native,Visual Studio Code,Windows,I do not use containers,Not at all,NA,Yes,Yes,Yes,Reddit,Online,Username,2017,Daily or almost daily,Find answers to specific questions,3-5 times per week,Stack Overflow was much faster,11-30 minutes,Yes,I have never participated in Q&A on Stack Overflow,"No, I didn't know that Stack Overflow had a job board","No, and I don't know what those are","No, not really",Just as welcome now as I felt last year,Tech articles written by other developers;Industry news about technologies you're interested in;Tech meetups or events in your area;Courses on technologies you're interested in,23,Man,No,Straight / Heterosexual,Middle Eastern,No,Appropriate in length,Easy
25,I am a developer by profession,No,Never,"OSS is, on average, of HIGHER quality than proprietary / closed source software",Employed full-time,South Africa,No,Associate degree,"Computer science, computer engineering, or software engineering",Taken an online course in programming or software development (e.g. a MOOC);Completed an industry certification program (e.g. MCPD);Received on-the-job training in software development,2-9 employees,"Designer;Developer, back-end;Developer, front-end;Developer, full-stack",2,16,1,Very satisfied,Very satisfied,Very confident,No,Not sure,I am not interested in new job opportunities,1-2 years ago,Interview with people in senior / management roles,No,Office environment or company culture;Remote work options;Opportunities for professional development,I was preparing for a job search,ZAR,South African rand,7000,Monthly,6300,45,"There is a schedule and/or spec (made by me or by a colleague), and my work somewhat aligns",NA,Less than once per month / Never,Home,Average,No,NA,NA,Not sure,I have little or no influence,HTML/CSS;JavaScript;PHP;SQL;TypeScript,HTML/CSS;JavaScript;PHP;SQL;TypeScript,MySQL,MySQL,Linux;Windows,Linux;Windows,Angular/Angular.js;jQuery;Laravel,Angular/Angular.js;jQuery;Laravel;React.js;Vue.js,Node.js,Node.js;Unity 3D;Unreal Engine,Visual Studio Code,Windows,I do not use containers,NA,NA,Yes,Yes,Yes,YouTube,In real life (in person),Username,2017,Daily or almost daily,Find answers to specific questions;Learn how to do things I didn‚Äôt necessarily look for;Get a sense of belonging to the developer community,More than 10 times per week,Stack Overflow was much faster,0-10 minutes,Yes,A few times per week,Yes,"No, I've heard of them, but I am not part of a private Q&A instance","Yes, somewhat",Just as welcome now as I felt last year,Tech meetups or events in your area,22,Man,No,Straight / Heterosexual,White or of European descent,No,Too short,Neither easy nor difficult